<?xml version="1.0" encoding="UTF-8" standalone="yes"?>
<addon id="catchuptvandmore.kodi.jarvis.release" name="Catch-up TV &amp; More's Jarvis Release repository" version="0.0.6" provider-name="SylvainCecchetto, wwark">
  <requires>
    <import addon="xbmc.addon" version="16.0.0"/>
  </requires>
  <extension point="xbmc.addon.repository" name="Catch-up TV &amp; More's Jarvis Release repository">
    <info compressed="false">https://raw.github.com/Catch-up-TV-and-More/repository.catchuptvandmore/master/addons_xmls/jarvis_release/addons.xml</info>
    <checksum>https://raw.github.com/Catch-up-TV-and-More/repository.catchuptvandmore/master/addons_xmls/jarvis_release/addons.xml.md5</checksum>
    <datadir zip="true">https://raw.github.com/Catch-up-TV-and-More/repository.catchuptvandmore/master/zips/jarvis_release</datadir>
  </extension>
  <extension point="xbmc.addon.metadata">
    <summary>Install Add-ons from Catch-up TV &amp; More repository</summary>
    <description>Download and install Catch-up TV &amp; More add-on in its latest official version from the official developers repository. As soon as a new release version is published on the GitHub repository of Catch-up TV &amp; More, this version is available in this repository. WARNING: The last major version of the plugin will no longer support Kodi 16 (Jarvis). To continue using this addon please update to (at least) Kodi 17 or contact us for more information. Thank you for your understanding.</description>
    <platform>all</platform>
    <website>https://catch-up-tv-and-more.github.io/</website>
  </extension>
</addon>
